{"cameraMode":{"drawMode":0,"name":"Shaded","section":"Shading Mode"},"sceneLighting":false,"audioPlay":false,"sceneViewState":{"showFog":true,"showMaterialUpdate":false,"showSkybox":false,"showFlares":true,"showImageEffects":true,"showParticleSystems":true},"in2DMode":false,"pivot":{"x":-0.00006139278411865234,"y":3.530207872390747,"z":0.0000019073486328125},"rotation":{"x":-0.07289206981658936,"y":-0.926875114440918,"z":0.24935951828956605,"w":-0.2709411084651947},"size":23.239408493041993,"orthographic":false}