{"cameraMode":{"drawMode":0,"name":"Shaded","section":"Shading Mode"},"sceneLighting":false,"audioPlay":false,"sceneViewState":{"showFog":true,"showMaterialUpdate":false,"showSkybox":false,"showFlares":true,"showImageEffects":true,"showParticleSystems":true},"in2DMode":false,"pivot":{"x":-1.2291288375854493,"y":1.222166895866394,"z":-5.363849639892578},"rotation":{"x":0.14478826522827149,"y":0.7517136335372925,"z":-0.17585831880569459,"w":0.6188997030258179},"size":1.6389193534851075,"orthographic":false}