{"cameraMode":{"drawMode":0,"name":"Shaded","section":"Shading Mode"},"sceneLighting":false,"audioPlay":false,"sceneViewState":{"showFog":true,"showMaterialUpdate":false,"showSkybox":false,"showFlares":true,"showImageEffects":true,"showParticleSystems":true},"in2DMode":false,"pivot":{"x":-12.143549919128418,"y":-1.1251130104064942,"z":7.141964912414551},"rotation":{"x":-0.08169330656528473,"y":0.7613449096679688,"z":-0.09784059971570969,"w":-0.6356944441795349},"size":17.101762771606447,"orthographic":false}