{"cameraMode":{"drawMode":0,"name":"Shaded","section":"Shading Mode"},"sceneLighting":false,"audioPlay":false,"sceneViewState":{"showFog":true,"showMaterialUpdate":false,"showSkybox":false,"showFlares":true,"showImageEffects":true,"showParticleSystems":true},"in2DMode":false,"pivot":{"x":-8.44653606414795,"y":-13.937494277954102,"z":11.93090534210205},"rotation":{"x":-0.33277517557144167,"y":0.20888152718544007,"z":-0.0758480578660965,"w":-0.9164476990699768},"size":31.099973678588868,"orthographic":false}