{"cameraMode":{"drawMode":0,"name":"Shaded","section":"Shading Mode"},"sceneLighting":true,"audioPlay":false,"sceneViewState":{"showFog":true,"showMaterialUpdate":false,"showSkybox":true,"showFlares":true,"showImageEffects":true,"showParticleSystems":true},"in2DMode":false,"pivot":{"x":-0.0017789602279663087,"y":1.5769057273864747,"z":0.0005002021789550781},"rotation":{"x":0.17393267154693604,"y":0.6341025829315186,"z":-0.14934737980365754,"w":0.7384827733039856},"size":29.370311737060548,"orthographic":false}