{"cameraMode":{"drawMode":0,"name":"Shaded","section":"Shading Mode"},"sceneLighting":false,"audioPlay":false,"sceneViewState":{"showFog":true,"showMaterialUpdate":false,"showSkybox":false,"showFlares":true,"showImageEffects":true,"showParticleSystems":true},"in2DMode":false,"pivot":{"x":0.0,"y":1.6070685386657715,"z":-0.000021219253540039063},"rotation":{"x":-0.11380921304225922,"y":-0.6739811897277832,"z":0.10621615499258042,"w":-0.7221599817276001},"size":18.334360122680665,"orthographic":false}