{"cameraMode":{"drawMode":0,"name":"Shaded","section":"Shading Mode"},"sceneLighting":false,"audioPlay":false,"sceneViewState":{"showFog":true,"showMaterialUpdate":false,"showSkybox":false,"showFlares":true,"showImageEffects":true,"showParticleSystems":true},"in2DMode":false,"pivot":{"x":1.2674980163574219,"y":3.105504035949707,"z":2.5387415885925295},"rotation":{"x":0.0723147839307785,"y":-0.6636515855789185,"z":-0.06470434367656708,"w":-0.7417213320732117},"size":5.521358013153076,"orthographic":false}