{"cameraMode":{"drawMode":0,"name":"Shaded","section":"Shading Mode"},"sceneLighting":false,"audioPlay":false,"sceneViewState":{"showFog":true,"showMaterialUpdate":false,"showSkybox":false,"showFlares":true,"showImageEffects":true,"showParticleSystems":true},"in2DMode":false,"pivot":{"x":0.23223447799682618,"y":1.5591585636138917,"z":2.604128837585449},"rotation":{"x":0.19619928300380708,"y":0.7074902653694153,"z":-0.21560850739479066,"w":0.6437984704971314},"size":37.52267837524414,"orthographic":false}