{"cameraMode":{"drawMode":0,"name":"Shaded","section":"Shading Mode"},"sceneLighting":false,"audioPlay":false,"sceneViewState":{"showFog":true,"showMaterialUpdate":false,"showSkybox":false,"showFlares":true,"showImageEffects":true,"showParticleSystems":true},"in2DMode":false,"pivot":{"x":-0.9252824783325195,"y":0.326352596282959,"z":0.7204681634902954},"rotation":{"x":-0.20719420909881593,"y":-0.6031363606452942,"z":0.16615016758441926,"w":-0.752124547958374},"size":11.35406494140625,"orthographic":false}