{"cameraMode":{"drawMode":0,"name":"Shaded","section":"Shading Mode"},"sceneLighting":false,"audioPlay":false,"sceneViewState":{"showFog":true,"showMaterialUpdate":false,"showSkybox":false,"showFlares":true,"showImageEffects":true,"showParticleSystems":true},"in2DMode":false,"pivot":{"x":2.5253453254699709,"y":1.2874510288238526,"z":0.7795236110687256},"rotation":{"x":-0.16924990713596345,"y":-0.42931854724884035,"z":0.08225924521684647,"w":-0.8833309412002564},"size":4.428096771240234,"orthographic":false}