{"cameraMode":{"drawMode":0,"name":"Shaded","section":"Shading Mode"},"sceneLighting":true,"audioPlay":false,"sceneViewState":{"showFog":true,"showMaterialUpdate":false,"showSkybox":false,"showFlares":true,"showImageEffects":true,"showParticleSystems":true},"in2DMode":false,"pivot":{"x":-0.029179096221923829,"y":-0.008080244064331055,"z":-0.25800174474716189},"rotation":{"x":0.19619928300380708,"y":0.7074902653694153,"z":-0.21560850739479066,"w":0.6437984704971314},"size":2.904021978378296,"orthographic":false}