{"cameraMode":{"drawMode":0,"name":"Shaded","section":"Shading Mode"},"sceneLighting":false,"audioPlay":false,"sceneViewState":{"showFog":true,"showMaterialUpdate":false,"showSkybox":false,"showFlares":true,"showImageEffects":true,"showParticleSystems":true},"in2DMode":false,"pivot":{"x":-0.6123037338256836,"y":0.2777273654937744,"z":-0.817013144493103},"rotation":{"x":-0.20719420909881593,"y":-0.6031363606452942,"z":0.16615016758441926,"w":-0.752124547958374},"size":10.784940719604493,"orthographic":false}